{
  "data" : [
    {
      "id" : "function-addTask",
      "type" : "function",
      "name" : "addTask",
      "requirements" : [
        {
          "name" : "intent",
          "negative" : false
        }
      ]
    },
    {
      "id" : "template-C'est fait ! La tâche \"{reminder}\" est enregistrée et {contact} va recevoir une notification :)",
      "type" : "template",
      "template" : "C'est fait ! La tâche \"{reminder}\" est enregistrée et {contact} va recevoir une notification :)",
      "requirements" : [
        {
          "name" : "contact",
          "negative" : false
        },
        {
          "name" : "reminder",
          "negative" : false
        }
      ]
    },
    {
      "id" : "template-Quel est le nom de cette tâche ?",
      "type" : "template",
      "template" : "Quel est le nom de cette tâche ?"
    },
    {
      "id" : "template-Qui doit effectuer cette tâche ?",
      "type" : "template",
      "template" : "Qui doit effectuer cette tâche ?"
    }
  ]
}