{
  "data" : [
    {
      "text" : "Il faut acheter des fleurs",
      "entities" : [
        {
          "entity" : "intent",
          "value" : "\"addTask\""
        },
        {
          "entity" : "reminder",
          "value" : "\"acheter des fleurs\"",
          "start" : 8,
          "end" : 26
        }
      ]
    },
    {
      "text" : "Julie",
      "entities" : [
        {
          "entity" : "contact",
          "value" : "\"Julie\"",
          "start" : 0,
          "end" : 5
        }
      ]
    },
    {
      "text" : "Julie doit acheter des fleurs",
      "entities" : [
        {
          "entity" : "intent",
          "value" : "\"addTask\""
        },
        {
          "entity" : "contact",
          "value" : "\"Julie\"",
          "start" : 0,
          "end" : 5
        },
        {
          "entity" : "reminder",
          "value" : "\"acheter des fleurs\"",
          "start" : 11,
          "end" : 29
        }
      ]
    },
    {
      "text" : "Julie doit effectuer une tâche",
      "entities" : [
        {
          "entity" : "intent",
          "value" : "\"addTask\""
        },
        {
          "entity" : "contact",
          "value" : "\"Julie\"",
          "start" : 0,
          "end" : 5
        }
      ]
    },
    {
      "text" : "acheter des fleurs",
      "entities" : [
        {
          "entity" : "reminder",
          "value" : "\"acheter des fleurs\"",
          "start" : 0,
          "end" : 18
        }
      ]
    },
    {
      "text" : "on doit acheter des fleurs",
      "entities" : [
        {
          "entity" : "intent",
          "value" : "\"addTask\""
        },
        {
          "entity" : "reminder",
          "value" : "\"acheter des fleurs\"",
          "start" : 8,
          "end" : 26
        }
      ]
    }
  ]
}