{
  "data" : [
    {
      "name" : "",
      "turns" : [
        {
          "user" : "Julie doit acheter des fleurs",
          "entities" : [
            {
              "entity" : "intent",
              "value" : "\"addTask\""
            },
            {
              "entity" : "contact",
              "value" : "\"Julie\"",
              "start" : 0,
              "end" : 5
            },
            {
              "entity" : "reminder",
              "value" : "\"acheter des fleurs\"",
              "start" : 11,
              "end" : 29
            }
          ],
          "operations" : [
            {
              "bookmark" : "call-addTask"
            },
            {
              "action" : "function-addTask"
            },
            {
              "branches" : [
                {
                  "predicates" : [
                    {
                      "name" : "contact",
                      "negative" : false
                    },
                    {
                      "name" : "intent",
                      "negative" : false
                    },
                    {
                      "name" : "reminder",
                      "negative" : false
                    }
                  ],
                  "operations" : [
                    {
                      "bookmark" : "end-addTask"
                    },
                    {
                      "action" : "template-C'est fait ! La tâche \"{reminder}\" est enregistrée et {contact} va recevoir une notification :)"
                    }
                  ]
                },
                {
                  "predicates" : [
                    {
                      "name" : "missingContact",
                      "negative" : false
                    }
                  ],
                  "operations" : [
                    {
                      "action" : "template-Qui doit effectuer cette tâche ?"
                    }
                  ],
                  "turns" : [
                    {
                      "user" : "Julie",
                      "entities" : [
                        {
                          "entity" : "contact",
                          "value" : "\"Julie\"",
                          "start" : 0,
                          "end" : 5
                        }
                      ],
                      "operations" : [
                        {
                          "jump" : "call-addTask"
                        }
                      ]
                    }
                  ]
                },
                {
                  "predicates" : [
                    {
                      "name" : "missingReminder",
                      "negative" : false
                    }
                  ],
                  "operations" : [
                    {
                      "action" : "template-Quel est le nom de cette tâche ?"
                    }
                  ],
                  "turns" : [
                    {
                      "user" : "acheter des fleurs",
                      "entities" : [
                        {
                          "entity" : "reminder",
                          "value" : "\"acheter des fleurs\"",
                          "start" : 0,
                          "end" : 18
                        }
                      ],
                      "operations" : [
                        {
                          "jump" : "call-addTask"
                        }
                      ]
                    }
                  ]
                }
              ]
            }
          ]
        }
      ]
    }
  ]
}